{"cameraMode":{"drawMode":0,"name":"Shaded","section":"Shading Mode"},"sceneLighting":false,"audioPlay":false,"sceneViewState":{"m_AlwaysRefresh":false,"showFog":true,"showSkybox":false,"showFlares":true,"showImageEffects":true,"showParticleSystems":true,"showVisualEffectGraphs":true,"m_FxEnabled":true},"in2DMode":false,"pivot":{"x":277.08209228515627,"y":410.6910400390625,"z":-1.59344482421875},"rotation":{"x":0.052465975284576419,"y":0.01947176456451416,"z":-0.0010231995256617666,"w":0.9984310269355774},"size":218.2953338623047,"orthographic":true}