{"cameraMode":{"drawMode":0,"name":"Shaded","section":"Shading Mode"},"sceneLighting":false,"audioPlay":false,"sceneViewState":{"m_AlwaysRefresh":false,"showFog":true,"showSkybox":false,"showFlares":true,"showImageEffects":true,"showParticleSystems":true,"showVisualEffectGraphs":true,"m_FxEnabled":true},"in2DMode":false,"pivot":{"x":629.540771484375,"y":303.3864440917969,"z":206.699462890625},"rotation":{"x":0.004421551246196032,"y":0.18640148639678956,"z":-0.0008386265835724771,"w":0.9824638366699219},"size":235.97592163085938,"orthographic":false}