{"cameraMode":{"drawMode":0,"name":"Shaded","section":"Shading Mode"},"sceneLighting":true,"audioPlay":false,"sceneViewState":{"m_AlwaysRefresh":false,"showFog":true,"showSkybox":true,"showFlares":true,"showImageEffects":true,"showParticleSystems":true,"showVisualEffectGraphs":true,"m_FxEnabled":true},"in2DMode":false,"pivot":{"x":340.50885009765627,"y":225.88323974609376,"z":144.22409057617188},"rotation":{"x":-0.0419604517519474,"y":0.03564642742276192,"z":0.00150017358828336,"w":0.9984772801399231},"size":353.17510986328127,"orthographic":false}