{"cameraMode":{"drawMode":0,"name":"Shaded","section":"Shading Mode"},"sceneLighting":true,"audioPlay":false,"sceneViewState":{"m_AlwaysRefresh":false,"showFog":true,"showSkybox":true,"showFlares":true,"showImageEffects":true,"showParticleSystems":true,"showVisualEffectGraphs":true,"m_FxEnabled":true},"in2DMode":false,"pivot":{"x":491.2615661621094,"y":140.18235778808595,"z":-553.8162231445313},"rotation":{"x":-0.02398926392197609,"y":0.025175921618938447,"z":0.0006066994974389672,"w":0.9993894100189209},"size":10.288859367370606,"orthographic":false}