{"cameraMode":{"drawMode":0,"name":"Shaded","section":"Shading Mode"},"sceneLighting":true,"audioPlay":false,"sceneViewState":{"m_AlwaysRefresh":false,"showFog":true,"showSkybox":true,"showFlares":true,"showImageEffects":true,"showParticleSystems":true,"showVisualEffectGraphs":true,"m_FxEnabled":true},"in2DMode":false,"pivot":{"x":45.34439468383789,"y":30.271989822387697,"z":-29.60757064819336},"rotation":{"x":0.054815128445625308,"y":-0.9290245175361633,"z":0.15326432883739472,"w":0.33227449655532839},"size":1.3427897691726685,"orthographic":false}