{"cameraMode":{"drawMode":0,"name":"Shaded","section":"Shading Mode"},"sceneLighting":true,"audioPlay":false,"sceneViewState":{"m_AlwaysRefresh":false,"showFog":true,"showSkybox":true,"showFlares":true,"showImageEffects":true,"showParticleSystems":true,"showVisualEffectGraphs":true,"m_FxEnabled":true},"in2DMode":false,"pivot":{"x":410.4783020019531,"y":189.2759246826172,"z":-184.3409881591797},"rotation":{"x":0.16128428280353547,"y":-0.012123733758926392,"z":-0.0019726776517927648,"w":-0.9868475198745728},"size":123.41950988769531,"orthographic":false}