{"cameraMode":{"drawMode":0,"name":"Shaded","section":"Shading Mode"},"sceneLighting":true,"audioPlay":false,"sceneViewState":{"m_AlwaysRefresh":false,"showFog":true,"showSkybox":true,"showFlares":true,"showImageEffects":true,"showParticleSystems":true,"showVisualEffectGraphs":true,"m_FxEnabled":true},"in2DMode":false,"pivot":{"x":60.085697174072269,"y":33.30773162841797,"z":-742.7709350585938},"rotation":{"x":-0.013498163782060147,"y":0.01318452414125204,"z":0.00017988849140238017,"w":0.9998161792755127},"size":1.8822035789489747,"orthographic":false}