{"cameraMode":{"drawMode":0,"name":"Shaded","section":"Shading Mode"},"sceneLighting":true,"audioPlay":false,"sceneViewState":{"m_AlwaysRefresh":false,"showFog":true,"showSkybox":true,"showFlares":true,"showImageEffects":true,"showParticleSystems":true,"showVisualEffectGraphs":true,"m_FxEnabled":true},"in2DMode":false,"pivot":{"x":314.5780029296875,"y":245.93020629882813,"z":-425.9080505371094},"rotation":{"x":0.007483404129743576,"y":0.0653301253914833,"z":-0.00046101189218461514,"w":0.9978600144386292},"size":17.312938690185548,"orthographic":false}