{"cameraMode":{"drawMode":0,"name":"Shaded","section":"Shading Mode"},"sceneLighting":true,"audioPlay":false,"sceneViewState":{"m_AlwaysRefresh":false,"showFog":true,"showSkybox":true,"showFlares":true,"showImageEffects":true,"showParticleSystems":true,"showVisualEffectGraphs":true,"m_FxEnabled":true},"in2DMode":false,"pivot":{"x":470.0385437011719,"y":181.52984619140626,"z":-390.9969787597656},"rotation":{"x":0.001497976016253233,"y":0.020688733085989953,"z":-0.000043430885853013024,"w":0.999798059463501},"size":0.883734405040741,"orthographic":false}