{"cameraMode":{"drawMode":0,"name":"Shaded","section":"Shading Mode"},"sceneLighting":true,"audioPlay":false,"sceneViewState":{"m_AlwaysRefresh":false,"showFog":true,"showSkybox":true,"showFlares":true,"showImageEffects":true,"showParticleSystems":true,"showVisualEffectGraphs":true,"m_FxEnabled":true},"in2DMode":false,"pivot":{"x":380.6041259765625,"y":213.53982543945313,"z":1022.1720581054688},"rotation":{"x":0.016498439013957979,"y":-0.009590870700776577,"z":-0.00015963846817612648,"w":-0.9998151659965515},"size":1100.9080810546875,"orthographic":false}