{"cameraMode":{"drawMode":0,"name":"Shaded","section":"Shading Mode"},"sceneLighting":true,"audioPlay":false,"sceneViewState":{"m_AlwaysRefresh":false,"showFog":true,"showSkybox":true,"showFlares":true,"showImageEffects":true,"showParticleSystems":true,"showVisualEffectGraphs":true,"m_FxEnabled":true},"in2DMode":false,"pivot":{"x":34.598079681396487,"y":19.802610397338868,"z":-30.584491729736329},"rotation":{"x":0.1858411431312561,"y":-0.6976686716079712,"z":0.19534112513065339,"w":0.6637404561042786},"size":12.12435531616211,"orthographic":false}