{"cameraMode":{"drawMode":0,"name":"Shaded","section":"Shading Mode"},"sceneLighting":false,"audioPlay":false,"sceneViewState":{"m_AlwaysRefresh":false,"showFog":true,"showSkybox":false,"showFlares":true,"showImageEffects":true,"showParticleSystems":true,"showVisualEffectGraphs":true,"m_FxEnabled":true},"in2DMode":false,"pivot":{"x":0.060028545558452609,"y":1.1567306518554688,"z":3.4591238498687746},"rotation":{"x":-0.0013252218486741186,"y":0.9687684774398804,"z":-0.24788515269756318,"w":-0.005226448643952608},"size":1.3394744396209717,"orthographic":false}