{"cameraMode":{"drawMode":0,"name":"Shaded","section":"Shading Mode"},"sceneLighting":false,"audioPlay":false,"sceneViewState":{"m_AlwaysRefresh":false,"showFog":true,"showSkybox":false,"showFlares":true,"showImageEffects":true,"showParticleSystems":true,"showVisualEffectGraphs":true,"m_FxEnabled":true},"in2DMode":false,"pivot":{"x":194.10914611816407,"y":58.999691009521487,"z":-391.89190673828127},"rotation":{"x":-0.17972896993160249,"y":0.6356489062309265,"z":-0.15556353330612184,"w":-0.7344632148742676},"size":1.2621339559555054,"orthographic":false}