{"cameraMode":{"drawMode":0,"name":"Shaded","section":"Shading Mode"},"sceneLighting":false,"audioPlay":false,"sceneViewState":{"m_AlwaysRefresh":false,"showFog":true,"showSkybox":false,"showFlares":true,"showImageEffects":true,"showParticleSystems":true,"showVisualEffectGraphs":true,"m_FxEnabled":true},"in2DMode":false,"pivot":{"x":12.187917709350586,"y":2.6185414791107179,"z":-2.3048408031463625},"rotation":{"x":-0.04881579428911209,"y":0.6883629560470581,"z":-0.046545736491680148,"w":-0.7222157716751099},"size":0.4330126941204071,"orthographic":false}