{"cameraMode":{"drawMode":0,"name":"Shaded","section":"Shading Mode"},"sceneLighting":false,"audioPlay":false,"sceneViewState":{"m_AlwaysRefresh":false,"showFog":true,"showSkybox":false,"showFlares":true,"showImageEffects":true,"showParticleSystems":true,"showVisualEffectGraphs":true,"m_FxEnabled":true},"in2DMode":false,"pivot":{"x":53.489234924316409,"y":33.783302307128909,"z":-14.853215217590332},"rotation":{"x":0.2267356812953949,"y":-0.4778335392475128,"z":0.12916205823421479,"w":0.8388030529022217},"size":0.8660253882408142,"orthographic":false}